<?xml version="1.0"?>
<Widgets>
	<Widget Name="Animator" Open="false" />
	<Widget Name="Assets" Open="false" />
	<Widget Name="World edit" Open="false" />
	<Widget Name="Hierarchy" Open="true" />
	<Widget Name="About" Open="false" />
	<Widget Name="Evo Script Editor" Open="false" />
	<Widget Name="Inspector" Open="true" />
	<Widget Name="Render Technique Editor" Open="false" />
	<Widget Name="Physics Material Editor" Open="false" />
	<Widget Name="Engine statistics" Open="false" />
	<Widget Name="Settings" Open="false" />
	<Widget Name="Scene" Open="true" />
</Widgets>
