<?xml version="1.0"?>
<Technique Name="VarianceShadowMap">
    <ColorBufferPass Directional="false">
        <FramebufferSettings DynamicResizing="true" DepthEnabled="true" SmoothSamples="1">
            <Size X="0" Y="0"/>
            <PreScale X="0.85" Y="0.85"/>
            <Depth Format="Auto" ClearValue="1.0"/>
            <Layer Format="RGBA8_UNORM" R="0.0" G="0.0" B="0.0" A="1.0"/>
        </FramebufferSettings>
        <Shaders>
            <Override Type="Canvas" Path="Engine/Shaders/ColorBuffer/canvas.srsl"/>
            <Override Type="Spatial" Path="Engine/Shaders/ColorBuffer/spatial.srsl"/>
            <Override Type="SpatialCustom" Path="Engine/Shaders/ColorBuffer/spatial.srsl"/>
            <Override Type="Skybox" Path="Engine/Shaders/ColorBuffer/simple.srsl"/>
            <Override Type="Simple" Path="Engine/Shaders/ColorBuffer/simple.srsl"/>
            <Override Type="Skinned" Path="Engine/Shaders/ColorBuffer/skinned.srsl"/>
        </Shaders>
    </ColorBufferPass>
    <CascadedShadowMapPass Name="DepthFBO" Directional="false" Cascades="4" SplitLambda="0.95">
        <FramebufferSettings DynamicResizing="false" DepthEnabled="true" SmoothSamples="1" Layers="4">
            <Size X="2048" Y="2048"/>
            <PreScale X="1.0" Y="1.0"/>
            <Depth Format="Auto" ClearValue="1.0" Aspect="Depth" />
        </FramebufferSettings>
        <Shaders>
            <Override Type="Spatial" Path="Engine/Shaders/CascadedShadowMap/depth-spatial.srsl"/>
        </Shaders>
    </CascadedShadowMapPass>
    <FramebufferPass Name="SceneViewFBO">
        <FramebufferSettings DynamicResizing="true" DepthEnabled="true" SmoothSamples="1">
            <Size X="0" Y="0"/>
            <PreScale X="1.0" Y="1.0"/>
            <Depth Format="Auto" ClearValue="1.0"/>
            <Layer Format="RGBA8_UNORM" R="0.0" G="0.0" B="0.0" A="1.0"/>
        </FramebufferSettings>
        <Passes>
            <OpaquePass>
                <Sampler FBO="DepthFBO" Id="shadowMap" Depth="true" />
            </OpaquePass>
            <SkyboxPass Path="Engine/Skyboxes/Sun.png" Shader="Engine/Shaders/skybox.srsl"/>
            <TransparentPass/>
            <DebugPass/>
        </Passes>
    </FramebufferPass>
</Technique>