<?xml version="1.0"?>
<Technique Name="Editor">
    <FramebufferPass Name="SceneViewFBO">
        <FramebufferSettings DynamicResizing="true" DepthEnabled="true" SmoothSamples="0">
            <Size X="0" Y="0"/>
            <PreScale X="1.0" Y="1.0"/>
            <Depth Format="Auto" ClearValue="1.0"/>
            <Layer Format="RGBA8_UNORM" R="0.0" G="0.0" B="0.0" A="1.0"/>
        </FramebufferSettings>
        <Passes>
            <PostProcessPass Shader="Engine/Shaders/RayMarching/example.srsl"/>
        </Passes>
    </FramebufferPass>
</Technique>