<?xml version="1.0"?>
<Include>
    <Include Path="Engine/Passes/SceneViewFBOController.xml"/>
    <FramebufferPass Name="SceneView">
        <FramebufferSettings Name="SceneViewFBO">
            <Depth ClearValue="1.0"/>
            <Layer R="0.0" G="0.0" B="0.0" A="1.0"/>
        </FramebufferSettings>
        <Passes>
            <ClearBuffersPass/>
            <MeshDrawerPass>
                <Sampler FBO="ShadowMapFBO" Id="shadowMap" Depth="true" Optional="true" />
                <AllowedLayers>
                    <Default/>
                    <Opaque/>
                </AllowedLayers>
            </MeshDrawerPass>
            <SkyboxPass Path="Engine/Skyboxes/Sun.png" Shader="Engine/Shaders/skybox.srsl"/>
            <MeshDrawerPass>
                <Sampler FBO="ShadowMapFBO" Id="shadowMap" Depth="true" Optional="true" />
                <DisallowedLayers>
                    <Default/>
                    <GizmoSelection/>
                    <Gizmo/>
                </DisallowedLayers>
            </MeshDrawerPass>
            <ClearBuffersPass ClearColor="false"/>
            <MeshDrawerPass>
                <AllowedLayers>
                    <Gizmo/>
                </AllowedLayers>
            </MeshDrawerPass>
        </Passes>
    </FramebufferPass>
</Include>